{"cameraMode":{"drawMode":0,"name":"Shaded","section":"Shading Mode"},"sceneLighting":true,"audioPlay":false,"sceneViewState":{"m_AlwaysRefresh":false,"showFog":true,"showSkybox":true,"showFlares":true,"showImageEffects":true,"showParticleSystems":true,"showVisualEffectGraphs":true,"m_FxEnabled":true},"in2DMode":false,"pivot":{"x":-0.5659679174423218,"y":0.8333513736724854,"z":-2.4677157402038576},"rotation":{"x":-0.2367844581604004,"y":0.17262455821037293,"z":-0.042797546833753589,"w":-0.9551666378974915},"size":2.287609815597534,"orthographic":false}