{"cameraMode":{"drawMode":0,"name":"Shaded","section":"Shading Mode"},"sceneLighting":false,"audioPlay":false,"sceneViewState":{"m_AlwaysRefresh":false,"showFog":true,"showSkybox":false,"showFlares":true,"showImageEffects":true,"showParticleSystems":true,"showVisualEffectGraphs":true,"m_FxEnabled":true},"in2DMode":false,"pivot":{"x":-0.06285086274147034,"y":-0.244551420211792,"z":-1.9180560111999512},"rotation":{"x":-0.25654375553131106,"y":0.020583564415574075,"z":-0.005460364744067192,"w":-0.9663144946098328},"size":2.834584951400757,"orthographic":false}